6-mer,count
CCTAGG,16
CTAGGA,17
TCTAGG,19
CTAGAC,20
TCCTAG,21
CCTAGA,23
CTAGGT,27
GTCTAG,27
CTCTAG,28
CTAGGG,28
GCCTAG,31
CTAGAT,35
CCTAGT,36
ACTAGG,37
CCCTAG,37
ACCTAG,39
GCTAGA,39
TCTAGA,39
CTAGAG,40
ACTAGA,42
TCTAGT,45
CTAGTC,46
TACTAG,46
CTAGAA,48
CTAGGC,50
GCTAGG,50
TTCTAG,50
ATCTAG,52
CCTAGC,53
GACTAG,53
TCTAGC,54
CTAGTA,66
GGGCCC,67
CTAGCA,68
CTAGTG,71
CTAGCT,71
CACTAG,73
TGCTAG,73
AGCTAG,75
CTAGTT,75
GGCTAG,78
ACTAGT,78
AACTAG,83
GGCGCC,93
TAGGAC,95
CTAGCC,97
ACTAGC,98
GCTAGT,99
GTCCTA,102
TAGGAG,104
CTCCTA,110
TCCAAG,116
CTTGGA,117
CGCTAG,119
GGTCTC,124
CTAGCG,126
GAGACC,137
CACGTG,143
TAGACT,143
GAGCCC,147
CTTAGG,148
TCTAAG,151
GAGCTC,152
ATAGGA,154
CTTAGA,154
GCTAGC,157
CCCCTA,164
GGGCTC,166
TCCTAT,166
TAGGAT,173
AGTCTA,177
TCTTAG,177
CTCGAG,178
CCTAAG,180
TAGGGG,180
TAGGAA,181
CTAAGA,183
GTAGGA,187
ATCCTA,188
GTCTAA,190
TTCCTA,191
GGGTCC,194
TTAGGA,195
TCCTAA,196
GGTCCC,201
GGTCTA,204
GGGACC,206
TCCTAC,208
TTAGAC,208
CCTACT,209
ACCCTA,209
GGACCC,212
CCTTGG,213
CTTGGG,213
TAGGGT,213
GTCCTC,215
GGTCCT,216
CCAAGG,216
GGGGGG,218
CCCAAG,221
CTACTA,222
CCTTAG,223
TAGTCC,223
CCAAGT,226
TCCCTA,229
TTGGAC,229
ACTTGG,229
CTTAGT,229
ATACTA,229
ACTCTA,231
GCCCTA,231
ACTAAG,232
GACCCT,235
TAGGGC,236
AGGACC,236
ACTTAG,238
CCCCCC,240
CTAAGT,242
GTCCAA,242
AGTAGG,244
GTACTA,246
CTAAGG,248
GAGGAC,248
GACCCC,248
AGACTA,249
GTCCCT,250
CCCTCC,252
TCCGAG,252
TAGGGA,252
TAGTAT,252
TAGACC,252
GGACTA,252
ATTCTA,253
TAGAAT,254
CTCGGA,254
CCCTAT,255
TAGTAG,255
TAGTAC,257
CCTCTA,258
AGCCTA,261
TAGAGT,262
GACCTA,263
GGACCT,263
TAGTCT,265
TAGGTC,265
TTAGGG,265
CTCTAA,267
GGGGTC,267
CCTAAT,267
CCCTAA,268
CTATAG,268
AGGTCC,270
TACCTA,270
ACCCCC,271
GGAGGG,272
CTCCAA,273
CCCTAC,273
TATAGG,273
TCTAAT,274
TAGGCT,274
AGGGAC,276
CTCGTA,277
ATAGGG,278
CGTCTA,280
CGGCCG,282
TAGATC,282
TAGACG,282
AGGGTC,283
TCCAAT,284
GTCAAG,284
AGTATA,287
ATTAGG,287
GGGGAC,288
GAGTCC,289
TTGGAG,289
GCCGGC,291
GATCTA,291
CCTATA,294
CCCCTC,297
TAGGTA,297
AGGGCC,298
TTAGAG,299
GGACTC,299
CTGAGG,300
AGTCCC,301
AGGAGG,302
CTACTC,304
TCGGAG,305
ATTGGA,305
GGCCCT,306
TACGAG,306
TCTTGG,306
CCTCCC,307
TGTCTA,307
GTCCCC,308
TTAGTA,308
TAGCTA,308
CTAAGC,309
GGGGGT,310
GTAGGG,310
TAGAGG,311
CTTGAC,312
TAGACA,314
CCCCCT,314
CTATAC,314
GTCTCA,315
TACTAA,316
AGTCCT,319
AATAGG,319
CCTCCT,320
CTCCGA,321
ATTAGA,321
CTCGGG,322
CCCGAG,322
CAAGTA,323
CCTATG,324
GGGAGG,326
CCAAGA,327
GAGACT,328
GAGGGA,329
AGTCTC,330
CCTACC,330
AGGACT,330
TCCCTC,330
GAGTAG,330
GGGACT,331
TGAGAC,331
TTCCAA,332
GTCTCG,332
GAGGGG,332
TATACT,333
GGACAC,333
ACTATA,333
GAGCTA,334
GTAGAC,336
AGGGGT,337
CCTATC,338
TAAGAG,338
CAAGTC,339
TTGGAA,339
TCCAAA,339
TTAGGC,341
ATCTAA,341
CCTATT,344
AGACCC,345
TTAGGT,346
CGAGGG,346
CACCTA,348
GTCCGA,348
AACCTA,348
TATAGT,348
TAGCTC,349
GACTTG,349
GTGTCC,350
TACAAG,352
TAGTGT,352
GTTAGG,352
CTCTTA,354
CTTGTA,355
GGGTCT,355
AGTTAG,355
AGGGGG,356
GACTCG,356
AATCTA,356
TAGGTG,357
ACACTA,357
GTATAG,357
ACCTAA,358
AGACTC,358
TTAGAA,358
GTCTAC,359
TTTAGG,360
TTAGAT,360
TCTGAG,361
CCTAAC,361
TAAGGG,362
TAGGTT,363
CATAGG,363
GAGGAG,363
GATAGG,363
TTCTAA,363
TGGGAC,364
GAACTA,365
GTCTCC,366
TAGGCA,366
TCTAAA,367
GGAGAC,367
TTAGTC,367
GTCCTT,369
TCTAAC,369
TAGGCG,370
GCTTAG,370
TGTCCC,370
TGCCTA,371
GTTCTA,371
GAGGGC,371
CACGAG,371
TTTAGA,371
GGGACA,372
CGAGTC,372
ATAGTA,372
TACTAT,373
CTTGGT,373
TACTTG,375
GTGCTA,375
GAGGTC,375
ACCTCC,376
TCGGAC,378
CTCAGA,378
ACGAGT,378
TGTGAG,379
GTTAGA,379
ACCCCT,380
CGGGGG,381
ACGAGG,381
ACCAAG,381
CCCTTA,382
TCAAGT,382
ACAAGT,382
CCCTCT,383
CTCCTC,383
ACGTGT,383
CCTCAG,384
AGGGAG,384
GCTCTA,384
AAGGAC,384
GACTCT,385
TGAGGG,385
GAGGGT,385
GTCCCA,385
CCCTCG,386
CCCTCA,386
TTTGGA,386
GGAGGT,386
GCCTAA,386
TAGCAC,386
ACCCTC,387
GTATAC,387
GAGTCT,387
CTCTCA,387
TAGAGC,388
TAGATT,390
TATACG,392
GTCTAT,392
TAGTTC,393
GCCCTC,393
CTCACA,395
ACTTGT,395
TGTGTA,396
CTCTCG,396
AGTAGA,397
CTCCCA,398
CACTTG,398
CGTGTA,398
ACTACT,398
TACACG,399
TCTATA,400
CTAATC,400
AGTACT,400
CCTCGT,400
CGAGAC,400
CCTAAA,400
AGAGTC,401
TCTACT,402
GTCCCG,402
GGGCCT,402
CTATGT,402
CCGAGT,403
GAGAGG,404
CCTCTC,404
CTCCCT,404
CAAGTG,405
TACACT,405
TAAGAC,405
GGGGCC,406
ACCTAT,406
CGGGAC,406
ACACGT,407
TACTAC,407
CGCCTA,407
CATCTA,407
GGTAGG,408
CGAGAG,408
ACACGA,409
ACTTGA,410
GAGTGT,410
TCTATG,410
ATAGGT,411
ACTCGA,412
GGCCTA,413
TAGGCC,414
ACACTC,414
AGAGGG,414
CTAATA,415
AGGCCC,415
ACTCGT,417
GTCTTG,417
ATGCTA,418
GTCTCT,419
GCTAAG,419
TATGTA,421
CCAAGC,421
TGTCCT,421
GACCTC,421
TGAGAG,422
TGTGTC,422
AGTGTA,422
AGTAGT,423
AAGTCC,424
ACTCCC,424
GCTTGG,424
GAGCCT,424
GGGACG,425
TACACA,425
CAACTA,425
AGGCTC,426
ACCTAC,426
TACCTC,426
CCCGGG,426
TAGTCG,427
ATAGAC,427
TCGAGT,427
GAGGTA,427
TGGGAG,428
TATAGA,428
TAGAGA,428
CTCCGT,428
CTTCTA,429
TAGATG,430
TCCTCC,430
CTAACT,431
CGTATA,431
CAAGAG,431
ACACAC,432
GTGTGT,432
TCGGGG,432
CTACTT,433
ATTAGT,434
GATTAG,434
TGGACC,435
ATTGTA,435
TAGCTT,435
CGAGTA,436
CTCGTG,436
CCCCGA,437
ATCCAA,437
TAGAAG,438
GACTAA,438
TATTAG,438
GTGTCT,438
GGGGGA,439
GTGTAC,439
CTTATA,439
TATAAG,440
TAGAAC,440
GTCTTA,440
TTGGGA,440
GGCCCC,441
ACGGGG,442
TGTAAG,443
GGAGGA,443
TGTAGG,443
CCCCGT,443
GAGGCC,443
TCCCAA,443
ACATAG,444
TAACTA,445
TTACTA,445
GGAGTC,446
TCGTGT,447
CCCCCG,447
TAAGTC,448
ACGGAG,449
CCCCAA,449
TGTCTC,449
TGTATA,450
CAAGAC,450
AGGTCT,451
CTACAC,451
CGAGTG,451
GGCTCT,451
AGTCTT,451
ACTAAT,451
CCTCCG,453
TATACA,454
AAGACT,454
GCTCCC,454
TTGGGG,455
CCTCCA,455
AGACAC,455
TAGCAT,456
AGAGAC,456
AAGTAG,457
TAGTTA,458
GACACT,458
CGTAGG,458
ACTCGG,458
CTCCCC,459
GACTCC,459
AGGACA,459
TATATA,459
TCCCCC,460
TCTCTA,461
CTCTTG,461
GAGGCT,461
AGCCTC,463
TCTCAG,463
ACTGAG,464
GGACCA,464
CCTACA,465
CCTACG,465
CATAGA,466
AACTAA,467
GGGAGT,467
CTGAGA,468
CGGAGG,468
CTAATT,469
CTTGGC,469
TACAAT,469
GACAAG,471
ACTATG,471
GCCAAG,472
TGGTCC,472
GTACTC,472
GCCTAT,473
CGTCCC,473
CCCTTG,475
ATAGGC,475
ACGAGA,476
ACATGT,477
CAAGGG,477
GCCTCC,477
CTTAGC,477
GGTCCA,477
GGCCTC,478
TAAGTA,478
ACTCCT,478
CTTACA,479
GTGTAG,479
GTTAGT,480
ACGTAG,480
TACATA,480
GGGAGC,480
GGACCG,481
TATCTA,481
GGGTAC,481
CTTGTG,481
TGGACT,481
CTACCT,481
CTACGA,481
CTACAT,482
ATGTAG,482
GTACAC,483
TTAGTT,484
CCACTA,484
GTAGTC,484
AGGAGC,485
GGGGTG,485
TACTCG,485
TAGTAA,486
TTGGAT,486
ACTACA,486
CTACCC,486
GACTTA,486
CACAAG,487
GACACA,489
CACTTA,489
GACACG,489
AAGTCT,489
AGTGTC,490
GGACTT,490
TAGTTG,490
GGGGTA,490
GGGGGC,490
AAGCTA,490
GAGACA,491
CACTCG,491
AGGTAC,492
AATTAG,493
GCTCCT,494
AGAGCC,494
GGATCC,494
CTACGT,496
TGAGGT,496
GTACCT,496
CACACG,496
CTATGG,497
AGGAGT,497
CGACTA,497
GTAGGT,498
CGTGTC,498
TACTTA,498
GGAGGC,498
CATAGT,498
GGGTAG,499
CGAGCC,499
CGTGTG,499
CATGTA,500
ATATAG,500
CTATAT,500
GTATAT,501
CACCCC,501
GACTGT,501
GGGCAC,501
AAACTA,502
TCTCGT,502
ATGAGG,502
TGGGGG,502
GACTAC,502
TACTCC,503
TGGAGG,503
AGTCCA,503
ATCTAT,503
GTAGTA,504
TATAAT,504
CTTGAG,504
GTATGT,505
AGGCTA,505
GAGAGT,505
TTCGGA,506
AGACCT,506
GGCTCC,507
TAGATA,507
GTAAGA,508
CTTGTC,508
GAGTCG,509
CTCATA,509
TATGAG,510
CCTCAT,510
CTCTAT,511
ATACGA,512
TCCGAA,513
GTAGCT,513
CTCAGT,514
CGACTC,514
TAAGTG,515
TCTACG,515
AGTCCG,517
GGTACC,517
AGACTT,517
CTATGA,517
GTTTAG,517
TCCTCT,517
CCCCCA,517
CCCAAT,517
TGCGAG,519
TCGTAG,519
CGGTCC,519
TGTAGA,519
TCCTTG,519
CCATAG,520
ACAGTC,520
ATAGAG,520
CTAAAC,521
CACACA,521
CTCAAG,521
ACTCTC,522
CGTCCT,522
CTGTAG,522
GGCTCG,523
ATACAC,523
TAGTGG,524
CTGTCC,524
GGAGTA,524
TACCCC,524
CTTATG,525
AGTCAA,525
CCTCAC,525
TAGTCA,525
CTCGAA,525
TATGTG,526
GAGTAC,527
GTACCC,527
TGTCAA,527
TACATG,528
TCGTAT,528
CTCTAC,528
TAATAG,529
CGTCTC,529
GTAGAG,530
TTGACA,530
TTAGCT,531
GGGCTA,531
ATTATA,532
GACCCA,532
TGTGTG,532
CTATCC,533
CTCCTT,533
TGTAGT,533
TGGGTC,533
GGAGCC,534
GTTGGA,535
GAGTGC,535
AGGACG,535
GTGGAC,535
GGAGTG,537
ACTAAC,538
CTCGCA,538
GGACAG,538
GGGGAG,539
GTGAGG,539
CTAACA,539
CCTTGT,540
ACCCTT,540
AGAGGT,540
TACAGT,541
CAAGGA,541
CTATAA,542
GTGTAT,542
TCTCTC,543
ATAGTC,543
CGGACC,543
GTGCCC,543
ACCTCA,543
GTCCGT,543
GTCGAC,544
AAGGGT,544
TCTTAC,544
TCCAAC,545
ACACAT,545
CCTCGA,545
TACGTA,546
AGCTAA,546
TGTTAG,547
AGAGGA,547
GCCCCC,547
TCGTAC,547
CTAACC,547
CATTAG,548
TGACTA,548
TCTACA,548
CTGTGT,548
CCGTGT,548
ACCTTA,549
GCATAG,549
TTATAG,550
CATGTG,550
ACGGAC,550
ACCTCT,550
CACATG,551
ACTGTA,551
TACTCT,552
AGCTAC,552
CTACAG,553
GACTAT,553
TGAGGC,554
TCGAAT,554
TGCCTC,555
CGAGGT,555
CGGACT,555
ATGTGT,555
GTCGGA,555
AGAGTA,555
AAGCTT,556
AGTCGT,556
GGGTTC,556
CCCCTT,556
ACAAGA,557
ATATAC,557
CTTAAG,557
CACTCC,557
GTACGA,558
GTAGGC,558
AGGTAG,559
TAGCCT,559
ATTTAG,559
TAGTTT,559
TCGAGG,559
GAGAGA,560
CATATA,560
TCCCAT,560
CTCATG,561
TCCCCT,561
GGTCCG,561
GCCTAC,562
TAGCAG,563
GAATAG,563
ATTGGG,563
GGAGCT,564
CTATGC,564
ATCTTA,565
AAGGAG,565
CCTCGG,565
GACGAG,566
GGATAG,566
TCAAGG,567
AACTAC,567
CTATTA,567
TCCGAC,568
TTATAC,568
CTAATG,568
TGTACA,569
TAGCCC,569
AGGGGA,569
TTCGAG,570
TATATG,570
CTGCTA,570
TCTATC,571
CTCCCG,571
GGGTCG,571
GAACCC,571
AGTAAG,571
GGTTAG,571
TCTTGT,572
TTTGGG,572
TAGTGC,573
GGTCTT,573
ATGGGA,573
GACTCA,573
GCCTCA,574
CCGAGG,574
AAGGGG,575
TCCTTA,575
GTGCAC,575
TCCGAT,575
AGGGGC,576
GCCCCT,576
TGAGTC,577
CTTACT,578
CTCTGT,578
AACCTC,579
CAAGTT,580
TAAGGA,580
AGTGTG,581
GTAAGT,581
TCACAG,581
CACACT,581
TTGACT,582
GGGGTT,582
AGCTCC,582
CTAAAG,583
ACCTCG,583
CACATA,583
CGTAGA,583
GAGGTG,584
ATAGAT,584
TGAGCC,584
CGGGGT,584
TAAGAT,584
CCTTAC,586
GCCTCT,586
CAGTCT,586
GCACTA,586
TGGGCC,586
GTCCAC,586
AAGTAC,586
ACTTAC,588
CGGGAG,588
GCATGC,588
GAGTAT,589
AACCCC,590
TAAGCT,591
TCTCAC,591
GAGGTT,591
CGACCC,591
AACTTG,592
ACACGG,592
ATAAGT,592
AACGAG,592
GTAAGG,593
CGTACG,593
TGGGGT,593
CATAAG,593
CTATTC,593
TCATAG,593
TTCTAT,594
ACCCCG,594
AGCCCT,595
AGAGCT,595
ATCGGA,595
GAGGCA,596
GGCCCA,596
GCTATA,597
ACACAA,597
TTGTAT,597
GAGACG,598
TTCAAG,598
ATACAA,598
CATGAG,599
GAGCTT,599
ACGAGC,600
ACTTAT,600
ATTCGA,600
CTTTAG,600
ATAGAA,600
CCTCTG,601
CTGTGA,601
CCTTGA,602
TGACTC,602
ACACAG,602
GCTACT,602
CCCAAA,604
TTGTGT,604
ATAGCT,605
GTATAA,605
GCACTC,606
AGGCCT,606
AGTGAG,606
TCGGAT,606
AAGTAT,606
TGAGGA,606
TCTCGG,607
AGCTTA,607
ACTCCG,607
GTCACA,608
GGACAT,609
AAGACC,609
CTCTGA,609
GTGAGA,610
ACAAGG,610
CGGAGT,610
AGGGCT,610
GAGTCA,611
CTTGAA,611
TCTGTG,612
ACGACT,612
ATCCGA,612
CAGAGG,613
CTCGTC,613
CCATGG,613
GATAGA,613
TTGGGT,613
CTAAAT,613
TGGACA,614
TGTGAC,616
TTAGTG,616
ACATAC,617
TACGTG,617
ACACTT,617
ACCCAA,617
CAATAG,617
ACCCCA,618
AGCTCT,618
TCTATT,619
GGCCAC,620
AACTAT,620
TACGTC,620
TATGTC,620
AAGCTC,620
CACAGA,620
TCGGAA,621
TAAGGT,621
GTAGCA,623
CACAGT,623
TGCTAC,624
CACGTA,624
CTGTCT,624
AATAGA,624
ATGTAT,624
AGTATG,625
TACCCT,625
TACGGA,625
AGTAGC,625
ACGTAT,625
ACAGAG,625
CTATTG,625
TATAGC,626
CACCTC,626
GACATA,626
ATACGT,626
TTAAGA,626
TTCCGA,627
AGTACA,627
TCACAC,628
TAGCTG,628
AGAGGC,629
TCTTGA,630
GTAGAT,630
AGGGTA,631
GTGTGA,631
TGTACT,631
TCCGTA,631
CGAGCT,631
CTCACT,631
GGAGAG,632
TGGCCA,632
GTGGCC,632
TTTAGT,632
TCAAGA,632
CACTAA,634
ACTAAA,634
TCTTAA,634
TCCTTC,634
CACTCT,634
TCCCAC,635
TCCCTT,637
TCTGTC,637
TTTCTA,638
ATCTAC,639
GTACAT,640
ATGTAC,640
ACTACG,640
AAGTGT,640
AGCTTG,640
CATACT,642
GTACAA,643
TACGAA,644
GGACGT,645
AGACTG,645
CCGTCC,646
CTATCT,646
GAATTC,646
GAGAGC,647
TATACC,647
CAGTAG,647
TCTCCC,647
CTCGTT,648
CCTTAA,648
TAACTC,648
CTCTCT,648
GTGTAA,649
CATACG,649
CCCCAC,650
AGCTCG,650
TCGAGA,650
ATGTCC,650
CATGGG,651
GTACTT,651
ATACTT,652
ACAGGG,652
CTACTG,652
TTACAC,653
GTGTCA,653
AGAGAG,654
TCCGTG,655
GTGGGG,655
GCTCGT,655
ATACTC,656
GGACTG,656
GCTCTC,656
GCCTTA,656
GCAAGT,657
GATACA,657
CCCGTA,657
TAGAAA,658
CCGCGG,658
GACGTA,658
AGAGTG,659
CGTTAG,659
ATGAGA,660
GGGTGT,660
CCCACT,661
TCCTCA,662
GTAGTT,663
GTGCTC,663
CCGAGA,663
TACGGG,663
GTGACT,663
ACCTTG,664
TGCAAG,664
TCTCAT,664
GACATG,664
CATGTC,665
GCTACA,665
AGGAGA,666
GGGAGA,666
TTGGGC,667
TGTCCA,668
GGACGG,668
AGATAG,668
CACTAT,668
AGCTAT,668
TGTAGC,669
TCCCGA,669
CACCCT,669
GGCTCA,670
GTCGTA,671
AAGGGA,671
ATGGAG,671
CCGAAT,671
CTTACG,671
GTGGGA,671
AGACAG,672
GGGGCT,673
TAGCAA,673
GCCCAA,674
TCACTA,675
TCTGTA,675
TCGACT,676
TCTCGA,677
AATTGG,677
CTACAA,678
AACTTA,678
ATAGTT,678
GATTCC,678
ACTACC,679
ATACAT,679
GCCTTG,679
AGTCGA,679
AAGACA,680
GACAGA,680
TCCCGT,680
ACTTGC,680
AGTCAC,680
TCCTCG,680
CCCATG,681
TTGTAG,681
CAAGGT,681
TGACAC,681
GGTATA,682
TTCCCT,682
AGTATC,682
TCATAC,682
CGTATG,682
TTAAGG,683
ACTCAG,683
CATATG,683
CCAACT,684
TTCTAC,684
ACACCC,685
TAGTGA,685
GATATA,685
ACTGTG,686
TACTCA,687
GCCTCG,688
CCACTC,688
CAAGCT,688
CTCCAC,688
AGTGTT,689
CCACCC,689
GGGTGC,690
AATGTA,690
CGAGTT,690
TGTATG,691
GAGCAC,691
TATGGG,692
TTGTAC,692
TGCTAT,692
GTCCAT,692
CGAGGC,693
ATAGCA,693
AGGGTG,693
ACGTCC,693
ACTGTC,693
TTAGCA,694
ATGGAC,694
GAAGGA,694
CTCTCC,694
TCACTC,695
GAGTTA,695
CTTGCA,695
CCTGTC,695
CTCACG,695
AATAGT,695
CTAACG,696
CCACGT,696
ACAGTA,696
GTACGT,696
CTGAGT,697
GACAGG,697
TACATT,697
ACAAGC,697
AGGGTT,697
ATGTAA,697
CCCTGT,697
ATCTTG,698
GTTCCC,698
GCTTGT,698
ACTATT,699
CTACCA,699
ATATGT,699
CCCATA,699
ACGGGA,700
CCAATT,700
TTGAGG,700
GAACCT,700
CTACGG,700
TATATC,700
ATGTCT,700
TAAGAA,700
ACGTAC,701
TCGGGA,701
GAGTGA,701
TTACAT,701
AGATCT,701
ACGTCT,701
GGACAA,702
GCACCC,702
ATTCGG,702
GATACT,703
CGTAGT,703
TGGAGT,703
CAGTCC,704
GCACAC,705
CCTTAT,705
GGTAGT,706
GTGGAG,706
TACGAT,706
GGAATC,706
CAAGAT,706
GGGTGG,707
TTGTCC,707
TACGAC,707
GAATCT,708
TGACCC,708
CAGCTA,709
GGATAC,709
AGGTGT,709
ATAAGA,710
GACAGT,711
ACTATC,711
AGCCCC,711
TCAGAG,712
GACGTC,712
CGTGAG,712
AGTGGG,713
GTATCT,713
TGCTAA,713
TAAGTT,714
TGTACG,714
TGTATC,714
GTAGTG,714
ATCCTT,715
TGAGTG,716
TGAGCT,716
AGGTTC,716
ACATAT,716
GAGTGG,717
CCTGAG,717
TGTCTT,719
AACCCT,720
ATGGGG,720
CACTCA,721
CCCGAA,721
GTGTTA,721
GCTCCG,722
GTAACT,722
CGGAGC,723
GTATGA,724
AGATAC,724
GTCTGT,724
CGGTCT,724
TCTCCT,724
GAGTTC,724
TTCGTA,724
ACTTAA,725
CCATGT,726
CCCACA,726
TACTGT,726
GTGTGC,727
AGACAT,727
CACTAC,727
GTGAGT,728
TACAGA,729
CCCCAT,730
TGAGTA,730
CTCCAT,730
AACACT,731
CATACA,731
GGAGCG,732
CAAGGC,732
CGTAAG,732
CAACTC,732
GGCCGA,732
ATAGTG,733
AGACAA,733
TTCTTA,734
TGCTTG,734
GGACGA,735
ACTCAC,735
GGCCAA,735
GTTACA,736
CACGGA,736
ATACCT,736
ACATGA,736
CGGACA,737
CACGGG,737
TTTTAG,738
TCTTAT,738
TAAGGC,738
TTGCTA,739
TGTACC,740
CGTACA,740
TTAAGT,740
CGAGGA,740
GGTTCC,740
CACGTC,740
AGTTAC,741
TTGTAA,741
GCGAGT,741
AACACA,741
GGCCGG,741
AGGGAA,742
CGCTCC,743
AGACGT,744
GCTCGA,744
GGCCGT,744
TCTACC,745
AACTCC,745
TCCACT,746
CCTCAA,746
GTATCC,746
TGCCCC,747
TTGGCC,747
ACCCAT,748
TTGTCT,748
TTACAA,750
AGTTGG,750
CAGGGG,751
AGTCGG,751
TCCCCG,752
ATCCCT,753
TGTGGG,754
GCGGAG,754
CCGACT,754
ATATAT,754
GGGAAC,755
TCCATG,755
GAGCCA,755
ACTCCA,755
GACGTG,755
AGATTC,756
TTTAAG,757
GAGTTG,757
ATCATA,757
CGGGGC,757
GGGTCA,759
GGAACC,759
AAGGCT,759
TCGTCC,760
GAAGTA,760
GCTGAG,761
AAGGTC,762
AGGGAT,762
ACGGCC,762
TTCGGG,762
CTATCA,764
GGGGCA,764
AACTCT,764
ACACCT,764
CAAGCC,765
TAACAC,766
TAGCCG,766
TATCCT,767
GCCCTT,767
GGGCCG,768
CCGTAG,768
GGTACA,768
AGTGGA,768
GGAGCA,768
GCTTGA,768
TTGAGT,768
AGTCTG,769
GGCCTT,769
TACTTC,769
GGAGTT,770
GCCCCG,770
AAGGAT,770
TCATGT,770
AAGGGC,771
TGTAAC,771
CGGCTA,772
AACTCG,772
TCGAGC,772
TGTCCG,772
ATCGTA,772
ACGTGA,773
GAGAAC,773
ATGGGT,773
TCCTTT,773
CCTCTT,773
CGGCTC,775
GCTATG,775
AAGGCC,775
CCGGCC,776
GAATTG,777
ATAAGG,777
CCCGTG,778
CTCGAC,778
TCACGT,778
GTCGGG,779
CATGGA,779
CATAGC,779
ACCCGA,780
ACGTGG,780
CAGTGT,780
GGTGGG,781
GGTAGA,781
GTCGAG,781
TGGTAG,781
ACTCTG,782
AGAGTT,782
AGCGCT,782
AAAGGA,783
GAATCC,783
TGGCTC,784
GTAGAA,784
TCACAT,784
TATGGA,785
GATAGT,785
TCGCAC,785
GACGGG,785
GAGCCG,785
CCAAAT,785
CAAGCA,786
TATGAT,786
TCGTCT,787
ACACTG,787
CCGAGC,787
CTCCGC,788
TGTGTT,789
CTCAGC,789
CGGGCC,789
AGGTAT,790
TCAGTC,790
ACAGAC,791
GTCCTG,792
GTCCGC,793
GAGGAT,794
CGGGGA,794
ACTCAA,794
TATAAC,794
GGCTAC,795
TTACTC,795
GCGGAC,796
GAACTC,796
GTTATA,796
CGGGTC,796
ATAACT,797
TACATC,797
AGCTCA,798
GAGTAA,799
ATGTGA,799
GGCCCG,799
GGTTCT,799
GCGGGG,799
ACTCTT,800
TTTGAG,801
TTCGAA,801
AAGAGG,802
ATCCTC,802
ACATCT,803
CTAAAA,804
TTGAGA,804
GCATAC,805
CCCCGG,805
GACTGC,805
GCTCGG,805
TGGGCT,806
CTTAAA,806
CCCACG,807
AGGATA,807
CCTGTG,808
GTGTGG,808
GTTCTC,809
TCAAGC,811
CCCACC,811
GAACTT,812
AGTGCA,812
AGTTCT,812
TCTCAA,812
TTACGA,812
GTCACT,812
GGATTC,814
AAGAGT,814
CCCCTG,814
TATGCT,815
ACGCTA,815
GACCTT,816
GGCTTG,816
CAGAGT,816
CTCAGG,817
TATCCC,817
ACTCGC,817
TCCGTC,818
TGCTCC,818
AGACGA,818
TTCCCC,818
AGTAAC,818
TCGGGT,818
TACCAT,819
GGGATA,820
GCGAGG,820
CCCTTC,821
GTATGG,822
CACGAA,822
ACAGTG,822
CCCTTT,822
TAGCGT,822
AGTACC,822
CTCAAA,823
CGGCCC,823
ACCGAG,823
CCCGTC,823
ACCATA,823
TGTCAC,824
GACGGA,825
AGATGT,825
CCCGAC,826
ATGACT,826
GTATGC,826
CTTCTC,827
GTTGGG,827
CCTCGC,827
CCACAC,828
TGTGGA,829
ACATGG,829
TCCCCA,829
CGCCTC,829
AGAACC,830
GTAGCC,830
TCGGCC,831
CGACAC,832
ACATAA,832
TGATAG,832
GATGTA,832
ACATTC,833
CAGGAC,833
TCGGGC,833
AAGTTC,833
TGCACT,833
CCATAC,834
CGTGGG,834
AGAATC,835
GATTCT,835
GTGCCT,835
TACAAC,836
AGAACT,837
GGGTTG,837
TGGCCC,837
CCTTCT,837
AGGCAC,838
GGCTTA,838
CTGAGC,838
CTCGGT,838
GTGGGT,839
ATGCAT,840
AGACCG,840
AGAAGG,840
GACCCG,841
ACTCAT,841
CCCAAC,841
GTGTCG,841
TCCATA,841
CGAATC,841
ACCCAC,842
GGGCCA,842
AAGTTA,843
ACAACT,843
CCGGGG,843
TATGGT,843
TAACTT,843
AATTCT,843
CAGACT,844
AATACT,844
TTAGCC,844
GAACGA,844
GTGTTC,845
AAGTAA,846
TCTCCG,846
GCGTCC,846
AAGTCA,847
AAAGGG,847
ACGAAC,848
TTCGTG,849
GGTAAG,849
GTTACT,849
GGTACT,850
TATCTC,850
TCGTAA,850
CGAGAT,851
CGTACT,851
GACTGA,852
AGACCA,852
GTGCGA,853
TTATGT,854
ACTTCT,855
TCGTTC,856
ACGTGC,856
AGCCCA,856
CAATTC,856
AGCGAG,856
AGGTCG,858
AGTTAT,858
GAACAC,858
ATGTTA,858
CGACCT,859
AGTCAT,859
GTACGG,859
GTGCTT,859
TGGGGA,859
CAACCC,860
GCTAAT,860
GCATGT,860
ACGACA,861
TGGTCT,861
AGTGAC,861
CTTGTT,861
GCACGT,862
ACATGC,862
ATTTGG,862
CTTACC,862
TACAGG,862
ATGAGT,863
GTCTTC,863
AGTGCT,864
GTGACA,864
GAGAAG,864
GCAGTC,864
AATGAG,864
AATCCT,864
ATATGA,865
GACACC,865
AGAATT,866
TCACAA,866
AGTTGT,866
AATGGG,867
TGTATT,868
TTCTTG,868
TTATAA,868
GTCGTG,869
TTGTGA,870
ATTAGC,871
AGCCTT,871
GGTGTC,872
TCGTGG,872
GCTTAC,872
ATCTGT,872
CTCATT,873
GGGGAA,873
TGTGCA,873
AGGGCA,874
TTACTT,874
ATGCAC,874
AATACA,874
CGACTT,874
CAAGAA,874
GAGGCG,874
AGTACG,875
GGCTAA,875
CTCGCT,875
TGGGAA,875
GAAGGG,875
CCGTAC,876
GAAGTC,877
AATAAG,877
AGCTGT,878
CCCCGC,878
ACCCGT,878
GCCCAC,878
TCTCCA,879
GGTATG,879
ATCGAG,879
AAGGAA,879
TGCACG,880
AGTATT,880
TTCCCA,880
TGCACA,880
ATCTCG,880
TGCTTA,881
GTATTA,881
TACACC,881
ATTCCT,882
TGAGAA,883
CTGTAC,883
AGTTTA,883
GATTCG,884
GCACGA,884
CGATTC,884
AGGATT,884
CTTCCC,884
GCCCGA,884
TTCCTT,884
GAAGAC,885
TGACTT,885
TAAACT,885
CTATCG,885
TGCCCT,886
AGGAAT,886
CCTGTA,886
ATATAA,887
TCGCTC,887
TCCACA,888
CCGTAT,888
AAGAGC,888
GTTGTA,888
TTCCTC,889
TCGAAC,890
CCACCT,890
TATGAC,890
TACCTT,891
GAATGT,891
AAGTCG,891
CGAATT,892
ACGGGT,892
AGCACT,892
AGGATC,892
CGGAGA,892
AGCATA,893
CTTAAC,893
TCCCTG,893
GGTGTA,893
TATGTT,893
CATGCA,894
GTAACA,896
TGCATG,896
AGAAGT,896
AGGAAC,897
CTCGAT,897
TAACAT,898
CACATT,899
GATCCT,900
TAAGCC,900
GAGATA,901
CCCGAT,901
GTTCCT,901
GGACGC,902
TGTGAA,902
CACTGT,903
GTCGTC,904
GGTTCG,905
TTCTCA,906
GTTAAG,906
TGTTAC,906
ATGGTA,906
GACTTC,906
TGAGAT,906
CTTATT,908
CACGAC,908
TCCGGA,909
CGTGTT,909
AATTGT,910
AGTCGC,910
TGGAGA,910
TACCAA,910
TGGAGC,910
AGACGG,911
TTGGTA,912
CAGGGA,912
ATGCTC,912
GTCGAA,913
GTAAGC,913
TAACCT,914
ACAGCT,914
GGTCGG,914
CCACGA,914
ATGGCC,914
ATGTGG,915
GTACCA,916
ATACAG,916
CGAACC,916
CATACC,916
AATGTG,917
ACGATT,917
TCTGGG,917
GTGGGC,917
AAGCAC,917
AGGTGG,917
CAGGAG,918
ATTCCC,918
CGATAG,918
GTTCGT,919
GTGAGC,919
AGTTCC,919
GCGTAG,919
GGAACT,920
AACATA,920
TGTAAT,921
CACAGG,921
AATTCG,921
GAGATT,921
ATCGGG,921
GTTAGC,921
CCCATT,922
ATCTCA,922
TTATAT,923
TTTACA,923
AAGCAT,923
TCGAAG,923
TTGCAC,923
GAGCGA,923
ACAATT,924
ATCCCA,924
GGGAAT,924
ACACGC,924
CTGGGA,924
CAATTA,925
CAAGCG,925
AGAGCG,925
TTACGT,925
TCATAT,925
GTGCAT,925
TTCACA,925
GCGTGT,926
TAATAC,927
TCGGTC,927
GAATCG,929
GACCGA,930
GAGGAA,931
TGTCGT,931
TCTCGC,931
ATCACA,931
GCGACT,932
ATACGG,932
TGGGTT,932
TGGTAC,932
GTCATA,932
CTACGC,933
AAGGTA,933
GACGAC,933
TCGTGC,934
TAATCT,934
AAAGTA,934
TGTAAA,934
AGGATG,935
ATGTGC,936
TCTTGC,936
GCACAT,936
TAATTG,936
AACAAG,936
TGCTCT,937
CTTAAT,937
GCTCAC,937
TCGCAT,938
GTACAG,938
CCGTCT,938
GGGGCG,938
CTGTCA,939
GAGAAT,939
TGTGCT,940
CCGACC,940
GGGAAG,940
TGGGAT,941
CGCTTG,942
CGTAGC,942
AGATTA,943
TCGTGA,944
GCTCTT,944
GCTAAC,945
GCAAGA,945
ACGAAT,946
CGTATC,947
TCCGTT,947
AACACG,948
TAAGCA,948
TGACAT,949
TATATT,949
TCCCAG,949
ATGTCA,950
ATTACA,950
GGTCGA,952
ATTCTC,953
GTTGTG,953
GGGTAT,953
CCCGTT,954
GTCAAC,954
TGACAG,954
GTGGTA,955
ACATTA,955
GAGCGG,955
ACAGGA,957
GCGAGA,957
CTGCAG,958
TGGGGC,958
ATACCC,959
CGAAGT,959
CATCCT,959
TCGACC,959
TCACGA,960
GGCCAT,960
TACGTT,960
CTGTAT,960
AACCCA,961
GGGGAT,961
CCACAT,962
GTCGCA,962
TGCATA,963
AGGTTA,963
GTTCGA,963
GATACG,963
GTTGTC,964
TGGCTA,964
TATGCG,964
GAGCAT,964
ATTGAC,967
CGAGCG,967
TGGACG,968
ATCTCC,968
TACTTT,968
GGATCT,968
GCTCAG,968
TCTCTG,969
CATCTC,969
CGAATG,969
GGTCGT,971
AATCTC,972
CATTCG,972
TGATCT,973
AGGTGC,973
TAGCGG,973
CAGTTA,974
CGCGAG,974
CGTCCG,974
GACATT,975
AAATAG,975
CCCATC,975
GTTGAC,975
CTGTTA,976
CTATTT,976
CGTCCA,976
CTTGCG,977
GTGCAA,978
GGGATC,978
CCGAAC,978
ACTTTA,978
CTTGCT,978
AAGTTT,979
TTAACT,980
GCGGCC,980
GCTCCA,980
CGCCCC,981
ATGCTT,981
AATGGA,981
CGCATA,982
AATCGT,982
CTGTAA,982
CGTGCA,982
CCTTGC,982
CTTGAT,983
TTACAG,984
CTCGCG,984
TCCTGT,984
ATGCGA,984
AGCTTC,984
TAACAG,984
CTTCGA,985
ATACTG,985
GCTACC,985
TCGCTA,985
AACGTA,986
GAATTA,986
CCATAT,986
GGTGTG,986
GCCCCA,987
AAAGTC,987
CAATTG,987
GAAGCT,988
TACCAC,988
ATTCGT,988
CGCTCT,989
TTGACC,989
ATCAAG,989
GCTACG,990
CTCCTG,990
AACGGA,991
GATCCC,992
GGTCAA,992
TGGTTC,992
TAATGT,993
TAGCCA,993
CACAAC,993
TAACTG,994
AATATA,994
AAACTT,994
ATTCAA,994
CCCAGA,994
AAGAAT,994
GGCACA,995
CATGCG,995
CCGGTC,995
CACACC,995
ATTTGA,996
ATCCGT,997
AGCACA,997
GTCTGA,997
TCCACG,997
ATTCCA,999
CAATCC,999
AGAGCA,1000
GAGATG,1000
ACTGGG,1000
AACGGG,1000
GTATCA,1001
CCGCTA,1001
GTTCGG,1001
AAGCCT,1002
CCGCTC,1002
GCTTAT,1002
GACAAC,1002
GTCAAT,1004
TGTGAT,1004
TAATTC,1005
CATTGG,1005
CGCAAG,1006
CTGCCT,1006
GGTCAC,1008
ACGTAA,1008
GCACTT,1008
AATTCC,1009
GATGGG,1009
CGCATG,1009
ACGACC,1010
AAGTGC,1010
GCTCTG,1011
AGGCTT,1011
AGCATG,1011
TGGGTA,1011
TATGCA,1011
GGCCGC,1011
TGAACC,1011
TCAACT,1012
TGCGAC,1012
TACAAA,1012
TGGAAT,1012
AGTTGA,1012
CATGAC,1013
ACGAAG,1013
CCCAGT,1014
ACGGAT,1014
GTTTGG,1015
AGTTAA,1016
ATTCTT,1016
GGGCTT,1016
ATCCCC,1017
TAGCGA,1017
CCAAAC,1018
GTCAAA,1018
ACAGAT,1018
GGTAGC,1019
CGTGAC,1019
GATTGG,1019
GAACCA,1020
CTCGGC,1021
TTCGAC,1021
CCAGGG,1021
TCGATT,1021
CGTGGA,1022
CGGACG,1022
CGACGT,1022
CATGCT,1022
ACGTCG,1022
ATGATA,1022
TCAATT,1023
TCAAAT,1023
TCGCAG,1023
ACATTG,1024
ATTAAG,1024
GGCTAT,1024
TTGCAA,1024
TTGCAT,1024
GGAGAT,1025
CTGACT,1025
GACTTT,1025
TGTGCG,1026
CCAATC,1026
CAGTAT,1027
GCACCT,1027
AGATCC,1027
CATCCC,1028
AGATCA,1028
AGTGGT,1028
AGTGCG,1029
AACTGT,1029
GCCGAG,1030
TGATAC,1031
TATGAA,1033
TTTGTA,1033
TGAGTT,1033
GGATGT,1033
CGAATA,1034
GACCGG,1034
GTGGTC,1034
ATGCAA,1034
GGGATG,1035
GGATTG,1035
GAATGA,1035
TGTCTG,1035
GTCATG,1035
TTTGAC,1036
AGGTCA,1036
AGAATG,1038
CGCTCG,1038
GCAAGG,1038
TAAAGT,1039
TTCGCA,1039
TCCATT,1039
AGTGCC,1040
CTGGAC,1040
ACAGAA,1040
GGTTCA,1041
AATGTC,1042
TGGATC,1042
TTGAAT,1042
AGCCAA,1042
GTGCGT,1042
TACCCA,1042
ATCGTG,1043
CGAAGG,1043
CCAATA,1043
AGCCGA,1044
AAACCC,1044
ACTGCA,1045
ACATTT,1045
AATAGC,1046
AAGACG,1047
ATATGG,1048
GGCATA,1048
GGAATG,1048
AGCAAG,1049
CCAACC,1050
ACGGTC,1050
CATTCT,1050
GACCAC,1050
AAAGAC,1050
CGAACT,1050
TGGCCG,1050
TTGGTC,1051
TTTAGC,1051
ACCTGT,1051
AGGCAG,1051
TTCTCT,1051
AAGCCC,1052
AGTTTC,1052
AGCCGG,1052
TTGGCT,1053
GATCTT,1053
CACCCA,1053
ATTGTG,1053
AGTCAG,1054
AACCTT,1055
CGGGCT,1055
ACAATA,1055
GAGATC,1056
TCGCAA,1056
CAATCT,1056
TGTGCC,1057
CTCTGC,1057
ATATCT,1057
TACGGT,1059
TCGGCT,1059
CCCTGG,1059
ATATTA,1059
CTGTGC,1059
GCACGG,1059
GAGCGT,1059
GGGTTT,1060
AGGGCG,1060
ACTTCG,1061
TAATTA,1061
GAAACT,1061
ACATCC,1061
TGACTG,1061
TATCAT,1061
GCACAG,1062
TCAGAC,1062
TGACCT,1062
CAACTT,1062
ATTACT,1064
GGTTGT,1064
CCATGA,1066
ACAGTT,1066
CACGAT,1066
AAGTTG,1066
CTGCGA,1067
GGCACG,1067
CTCACC,1067
TATTCG,1068
TTCTCC,1068
CTGTGG,1068
CAATGT,1068
CAGTCG,1069
TAAGCG,1069
GGCACT,1070
TGACAA,1070
ATTGAG,1070
CCACAA,1071
AAATGT,1072
CGGCCA,1072
AACTCA,1072
CTACCG,1073
AGATGG,1073
GTAACC,1073
CGGTAG,1075
CACAAT,1077
CAAATG,1077
CCATCT,1077
CGCACA,1078
CAAATA,1078
AGATAT,1079
GAGCGC,1079
TTACGG,1079
TATGCC,1079
GTGACC,1080
TTGTCA,1080
AGTAAT,1081
GGAATT,1081
TGCGAA,1081
AATCGA,1082
CTTCGT,1082
CTGGGG,1082
TGCAGT,1082
TTCCGT,1083
AGAATA,1083
GGTTGG,1083
TTCTGT,1084
ACAGGT,1084
TGGGTG,1084
GACCAA,1084
CTCAAT,1085
CGAGAA,1087
CGTTCC,1088
CGTTCG,1088
CAACCT,1088
CGACTG,1089
TAAATG,1089
TCATTC,1089
CCAGAG,1089
GACCGT,1090
CCTTCG,1090
CAGAGC,1091
ATAAGC,1091
CTCCGG,1091
CATTCC,1091
GGTTAC,1092
TGTTAT,1092
GTTGAG,1093
AAAGCT,1093
TATTGT,1093
CGAACG,1094
CCAAAG,1094
GCGCTA,1094
TATTTG,1094
ATAATA,1096
GTTATG,1096
AGAGAT,1096
AAACGA,1096
AATTGA,1097
CCGTGC,1097
CGCACT,1098
GAGTTT,1099
GTGATA,1099
TATTGG,1099
GGTGAG,1099
CGGTCG,1099
CGTCTT,1099
GCTATT,1099
CGCCCT,1099
CAGAGA,1100
AAGGTT,1101
AGCTTT,1101
GATTGT,1101
CAGACA,1102
AGAGAA,1103
ATGGAT,1103
TGTCAT,1104
TTGTGG,1104
GATCCA,1104
AATCTT,1104
GTCCAG,1104
CGCTTA,1104
GATATG,1105
AAGATT,1105
TGTGGT,1105
TCCCGG,1105
ATGAGC,1105
ACAATG,1106
CACCCG,1106
CATTTA,1107
CCGATC,1107
GGAACG,1107
GAAAGG,1107
AGTTCG,1108
TTCTCG,1109
AGCCCG,1109
TCACGG,1109
GTCACG,1110
GGAGAA,1110
CGACAG,1111
CTTCCT,1111
ACCCTG,1113
AACCAA,1113
TGGGCA,1113
GGGCAT,1113
TTATGA,1113
AGATTG,1113
TAATAT,1113
TAGCGC,1114
CCTGGG,1114
GTGTTT,1114
CCGGCT,1114
CTGACA,1115
GATCTC,1115
ACAACC,1116
CGTGCC,1116
ATAGCC,1116
AATCGG,1116
GTTACG,1117
CATGTT,1118
ACGCTC,1119
CTCTGG,1119
GACAAT,1119
TTGCGA,1120
GCTAAA,1120
TCATAA,1121
CCCCAG,1122
TCATGG,1122
GTCTTT,1122
TTCATA,1123
ACCGTA,1123
CCAATG,1123
ACAATC,1123
CCGATT,1124
TCTGAC,1124
AATCCC,1126
GGGATT,1126
GTTCTT,1127
GATCGG,1127
ATATGC,1128
AGGCCG,1128
TAAAAG,1128
TTGGTT,1130
TGTCGG,1131
TAAAGG,1131
CCGTGA,1132
CATTGT,1132
TCCAGG,1132
TATTCT,1133
TCAGTG,1133
CCGGAC,1133
CCGTAA,1133
GCTCAT,1134
CCTTTC,1134
CAGTCA,1135
GGTACG,1136
ATCTCT,1136
TAATCC,1136
CAAAGG,1136
AACGAC,1138
GGATGG,1138
ATGCCC,1139
GTCCGG,1140
AGAACG,1140
ACGTCA,1140
TGATTC,1141
ACGTTA,1141
ACCATG,1141
ATCTGA,1141
GGAAGT,1142
TTTATA,1142
TACTGA,1142
CGACAT,1143
CCTTTG,1143
TAACCC,1144
AAGTGG,1144
CCCAGG,1144
AGGCAT,1144
ACGCAC,1145
ATGACA,1145
ACCACT,1145
TTGTTA,1145
CTCAAC,1145
TATCTT,1147
AGTGGC,1147
TCATGA,1147
AGCCAC,1147
TGGAAC,1147
AGAACA,1148
AAGATC,1149
TTTCGA,1149
AGGTAA,1149
CGATTG,1149
CGACCG,1150
ACGGGC,1151
GGATTA,1151
AGAAGC,1152
TATTAC,1153
ATGGGC,1153
GCATAT,1153
CGTCGA,1153
CCGGGA,1155
CTTTGG,1155
CCGACA,1155
TGTTAA,1155
TCGATC,1155
ATAACA,1156
CTTTTA,1156
GGCAAG,1156
CGTGCT,1156
ATTGTC,1156
ACCCGG,1157
CTGTCG,1157
AAGATA,1157
GATGAG,1157
CCACAG,1157
CATAAC,1158
CGGGTG,1158
GTAATT,1159
GATCCG,1159
GTCAGA,1159
TGTTCT,1160
TCAGTA,1160
AGGTTG,1160
GCGAGC,1160
CGATTA,1160
CCTTCC,1160
AACATG,1161
ATGCCT,1162
CAGGGT,1162
TATCAC,1162
GACATC,1163
ACAAAT,1163
AAGAAC,1163
CCATCC,1163
TATAAA,1164
TCCTGG,1164
ACGGAA,1164
CGGGTA,1166
CTTTCC,1166
AAACAC,1166
GAATCA,1166
TCGACG,1166
CGTCGT,1166
ACCACA,1166
CGTTCT,1167
TGTCAG,1167
AACTTT,1167
CCTTTA,1169
TCAGAT,1169
GCTGTG,1170
TCGCGT,1170
GTGGCT,1171
AGCCGT,1171
CGGCCT,1172
CCTGGA,1172
AGGAAG,1172
GATCGA,1173
CTTATC,1173
AAAAGG,1173
GTTCAA,1174
ACGAAA,1174
CAACAC,1174
TTGTGC,1174
CCGGGT,1176
TAACAA,1177
TTACCT,1177
AAACTC,1177
CCGAAG,1178
CGGATC,1179
CCGTTC,1179
GTGTTG,1179
GTCGTT,1180
CACTGA,1183
AGCACG,1183
TATTAT,1184
ATGGTC,1184
ACGGCT,1184
CATATC,1185
CCGGAG,1185
GCTTAA,1186
CCACTT,1186
TCAGGG,1187
GACAGC,1187
TGTTGG,1188
TGCCCA,1188
TCGAAA,1188
GCGCTC,1188
GGGTTA,1188
TTGACG,1189
ATCCAT,1189
GACCTG,1190
CTTGCC,1190
CAAAGT,1192
TTTTGG,1192
CAATCG,1192
GGAAGG,1193
TAATGG,1193
ACGCGA,1193
GCGGTC,1194
GCAGAG,1194
ATTTGT,1194
CACATC,1194
AATTAC,1195
TTAAGC,1195
TTGAGC,1196
GGTGGA,1196
CATAAT,1196
GCTTCT,1197
TCCGCG,1197
TCGTTT,1198
GATTCA,1198
CATGGT,1198
TTTCCT,1199
CGAACA,1200
AAGGTG,1200
CGTAAC,1201
GTCAGT,1201
TGCGTA,1202
TTTCGT,1202
TGACGT,1202
ACGACG,1203
AAATCT,1203
TGGTAT,1203
TGCTCG,1203
TACGCA,1204
CCCTGA,1204
TGAATC,1204
GGGCAG,1205
GTACGC,1205
CTCATC,1206
CGCGGA,1206
CGTACC,1206
AAAGTT,1207
GCCACT,1207
CTGCCC,1207
TGTGGC,1207
TCAAAG,1207
GAAAAG,1207
GCTATC,1208
GATGTC,1208
CGCTAA,1210
CATTTG,1210
GCTCGC,1210
ACTTCC,1211
TGGCCT,1211
TACCCG,1211
GCCCGT,1211
GATGTG,1212
TGCACC,1213
CAGGTC,1213
CAACGA,1215
GGAAAG,1216
GATCAC,1216
GAACGG,1216
CGTCAA,1216
GAACAT,1217
GTATTC,1218
CCAACA,1219
GTTCCA,1219
GCTGTC,1219
GAAGTT,1220
CTTCGG,1220
TGTTTC,1220
GCAGTA,1221
AAGAGA,1221
CGTGCG,1221
CGGTTC,1221
CGAGCA,1222
GCTCAA,1222
GAATGG,1222
CCCGGT,1222
GATAGC,1223
ACAAAG,1223
TACGGC,1223
AGGTGA,1224
AGATTT,1224
CACAAA,1224
CCTTTT,1224
GAACCG,1225
ACGATA,1225
CTTTGA,1227
GTATCG,1227
ATGCGT,1228
TCGGTT,1228
TCACCT,1228
ACTGTT,1229
AACAGT,1229
ACGCAA,1229
CCGACG,1230
AGTGAT,1230
AACCGA,1230
TGCGTC,1231
AATGCA,1232
TTGCGT,1233
ACGTTC,1233
AAGGCA,1233
GTAATA,1233
GTGATC,1233
AAAAGT,1234
GAACGT,1234
TTAACA,1234
CCATTC,1234
ATTCCG,1234
AGGTTT,1235
GCTGTA,1235
TAATCG,1235
AATCCG,1235
ATGTCG,1235
GCAAGC,1235
AGGAAA,1236
TACTGC,1236
CACGTT,1236
GTGAAC,1237
GGCTGT,1237
TAACGA,1237
GCCACA,1238
CACAGC,1238
TGCCTT,1238
CCCGCG,1239
AGCTGA,1239
GATGGA,1239
GCCCAT,1239
AGCGAC,1239
CGATCT,1239
GTTCAC,1241
GAATAC,1241
GAAGCA,1241
AAGTGA,1242
GCTTGC,1242
TGGATA,1243
AGTAAA,1243
TTATGG,1243
CGCGTA,1243
TGCTTC,1243
TGTTCG,1243
GTTTCC,1243
AACGAA,1244
AAGCAA,1246
GATCGT,1247
GCACAA,1247
CCAGGA,1248
TCAGCT,1249
TGGATT,1249
CGCACG,1249
GCCATG,1250
GCGTCT,1250
TTAGCG,1251
GTCTGC,1251
ACTTTG,1251
TAACGT,1251
ATTCAC,1251
GGATCG,1252
TCCCGC,1252
ATTATG,1253
TCACCC,1253
AGATCG,1253
GGCATG,1253
CTTTTC,1254
TTGCTT,1254
GCCGTA,1254
TCGACA,1254
TATCGT,1254
TATTCC,1255
ACATCG,1255
ATCACT,1255
TTGAAC,1255
GTCGCT,1255
GCATCT,1255
CGTCGG,1256
AGCGGA,1256
GCGGGA,1257
ACAGCC,1258
TCACTT,1258
TACAGC,1259
GGTGCA,1260
GATAAG,1260
ATAGCG,1260
AAACCT,1261
GACCAT,1262
AGGCTG,1262
ATCGCA,1263
GTGGAT,1263
TGCAAT,1264
GAAACA,1264
TTTGTG,1265
CGTTGT,1265
CGTATT,1265
CAAATC,1265
GAGCAA,1266
GCGTAC,1266
TCGTCG,1267
TGCATT,1268
CCGCCC,1268
ACTTTT,1269
ATCCCG,1269
GTATTT,1270
TACGCG,1271
CAGTGG,1271
GACGAA,1271
CGCTAC,1271
GATTGA,1272
ATTGCA,1272
ATAATT,1273
TTTACT,1273
ATACGC,1274
TCCACC,1274
AACTTC,1274
GTGAAT,1274
ATACCA,1275
TGTCGA,1275
ACTTTC,1275
ATGTTC,1276
GCCATA,1276
AACGTG,1277
GGAAAC,1277
AGGCCA,1278
AAAGGT,1279
GATTAC,1279
TCTGAA,1280
CCAAAA,1281
TCTCTT,1281
TCGTTA,1282
ACCGGG,1282
TGGTAA,1283
TCCGGG,1284
GCGTAT,1284
ACCGAC,1284
AGACGC,1284
CGCGGG,1285
CGACGG,1285
ACGATC,1286
AACATT,1286
CATGCC,1286
AGGCAA,1286
TGCGTG,1287
CCCGGA,1287
TTAAAC,1287
TGAACT,1288
TTACCA,1288
CAGCCT,1289
TAAACC,1289
TGAAGG,1289
GTAGCG,1289
CCGTCG,1290
GGTTTA,1290
TATGGC,1290
CGATCC,1292
ACGATG,1293
GACTGG,1293
TCCATC,1293
AATGCT,1293
GACCGC,1294
ACAACA,1294
CGCTAT,1295
CACGGT,1295
CGGGAT,1295
ACGCAT,1296
CGGATT,1296
TTCGTC,1297
ACCAAC,1297
CCATAA,1299
CGACGA,1299
CATGAA,1300
CCGATA,1300
TCCGCT,1301
ACTGCT,1301
ATTGGT,1301
AGATGA,1301
GCAGAC,1302
CAAAAG,1302
TACGCT,1302
TACCTG,1303
AGCATT,1303
ATCCAC,1303
CGATAC,1303
AGCGTA,1304
TTCGAT,1305
CACCTT,1305
CCATTA,1305
GAATGC,1305
AATCCA,1306
GTTTAA,1306
GTTCCG,1307
AGATGC,1307
TACCGA,1308
CCTTCA,1308
CAGAAG,1309
GTAATC,1309
GGGCGC,1310
GTGGAA,1311
TGAAGT,1311
GGAATA,1311
GACGCA,1312
GGGCGG,1312
ACCGTG,1313
GTGCGG,1315
CGGAAC,1315
ACAACG,1316
ATGGAA,1316
CGATGT,1316
GACGGT,1316
CAATAC,1316
ATCGAA,1316
AGAAGA,1317
TTCCAT,1317
AAATAC,1317
TATTAA,1318
GTGACG,1318
GTCACC,1319
TCTTCT,1320
TCAGAA,1320
CCAGTC,1320
TTCGTT,1321
GCAACT,1321
CTTCTG,1321
GCGCCC,1322
AGTGAA,1323
TGAATT,1324
CGGAAT,1324
TCATGC,1325
TTCATG,1325
CACGGC,1327
AGCGGG,1327
GCATGA,1327
GGAACA,1328
GTCGGT,1328
TTCCAC,1328
GAAAGT,1328
TTGCTC,1328
ACGCGT,1328
CGGTTA,1328
CGGTGT,1328
TGTTGT,1329
GGCGAG,1329
AGCAGT,1329
TCTGAT,1329
CATGGC,1330
TTGCCT,1330
TCGTTG,1331
TTCACT,1331
CGTTTA,1332
CAGGTA,1333
TGCATC,1333
TAAATC,1333
TCTGTT,1334
CTGGGT,1335
CCACGG,1335
CGTCAC,1337
CTTTCT,1337
AATTTA,1338
GATTTA,1339
GCTTCC,1340
ATGAAC,1340
AATACG,1340
CGTTGG,1342
TGATCC,1342
GATTTG,1342
CTTTTG,1343
TAAATT,1343
GGTATC,1344
CGAAAC,1344
CCGAAA,1344
TTTCCC,1344
ACACCG,1345
AGTTTG,1345
GTACCG,1346
ATCACG,1346
TTCTGA,1347
AACCCG,1348
CGATCG,1349
CTTTGT,1349
TTAATA,1350
TCAAAC,1350
TATCGG,1350
TTATGC,1351
CCCGCT,1351
GCATTC,1351
CATATT,1352
GGATAT,1352
ATCAGA,1353
TCCGCA,1353
CAGTAC,1354
CCCTGC,1355
AGGCGG,1356
ATGATC,1356
GTTTAC,1357
TAAACG,1358
GGTAAC,1359
GGGCGT,1359
CGTGAT,1360
CTGGAG,1360
AATTAT,1361
ATATCC,1362
TCTGCA,1362
GTACTG,1363
GGGTGA,1363
CATGAT,1364
TTCGGT,1364
GGGTAA,1365
CGGTAC,1366
TGAGCA,1366
TCATCT,1367
GTTGGT,1367
TGCTCA,1367
AATTCA,1368
ACCGAA,1369
ATGTTT,1371
GTTTGT,1372
CAAAGA,1372
TTCAGA,1373
CCGTGG,1373
ACCAAT,1375
AATGTT,1375
TCAATC,1375
ATTTAA,1376
GTTTGA,1376
TATCCA,1376
TAACCG,1376
ACTGAC,1377
CCAACG,1377
GGATCA,1377
TGTTCC,1378
AATGAC,1378
ACGGTA,1378
CTCCAG,1378
GTAAAT,1379
GCATAA,1379
GGTCGC,1380
ACCCAG,1381
GAAGGC,1381
AATATG,1382
CAATGA,1383
GGTTTG,1386
TATTTC,1386
ATGGCT,1387
ACGCCT,1387
GTATTG,1388
CTCGCC,1388
GTCGGC,1390
GCGACC,1391
TTTCGG,1391
ACTTCA,1391
TGCGGG,1391
CCGCAC,1392
CAGTGA,1392
TGAGCG,1392
CGTAAT,1393
GCCGTC,1393
CATTCA,1394
GCATGG,1394
TAACGG,1394
TCTTTG,1394
GTAAAG,1395
TTCAAA,1395
GGGAAA,1395
GTCATT,1396
CCGTTA,1397
CGTTAC,1397
TATCCG,1398
GTTTCT,1398
CATCGT,1398
TGAATG,1398
AGGCGT,1399
GGTGCT,1399
AACCAT,1400
AGCCAT,1401
TCACTG,1401
GCCGAC,1401
ATGACC,1401
GAAATA,1401
CCACTG,1401
TCGGTA,1403
TTAAAT,1404
TTGGCA,1404
GCCGTG,1404
GTAAAC,1406
GCCTGT,1407
ACCTTT,1407
ACTGCC,1407
GCGACA,1408
ATTCAT,1408
GTTTCG,1408
CAAACT,1410
GTTCAT,1410
TCGCGA,1411
TGCGAT,1412
AAACGT,1412
AGAAAC,1412
CGGATA,1413
ACTGAT,1413
TGCGGA,1414
GAAGGT,1415
ATTTAC,1415
CGCGTG,1416
AAACAT,1417
AACGAT,1418
GATCAT,1418
TCAACC,1418
CACTGC,1419
CCGCGT,1421
AGTTCA,1421
ATTACG,1421
GAGCTG,1421
CCGCCT,1421
ATCGAT,1421
GATCTG,1422
AGTTGC,1422
CTGCTC,1422
CCATGC,1422
GCAGTG,1424
GATGCA,1425
TATTTA,1425
CTGGTA,1426
CGCTCA,1426
CACCAA,1427
ACGCTT,1428
GCAGGG,1429
AGAAAG,1429
TTAAAG,1429
CAAACC,1429
GGTTGA,1429
GGTGAC,1429
TTACCC,1430
CGGGTT,1430
CTTTAA,1430
GGGCTG,1431
TCATTG,1431
ATGGTT,1433
CTGCAC,1434
GTTACC,1434
ACCGTC,1434
AAAGAG,1435
GAGCAG,1435
AAGCGT,1437
CACGCA,1437
CTGGCC,1437
TAAATA,1438
GACGCG,1438
CTGAAG,1439
ATGAAT,1439
ACAGGC,1440
ACGGTT,1440
GGCAGT,1442
TAACCA,1443
TTGATC,1443
ACGCCC,1443
ATCATG,1443
GATACC,1444
CGAAGA,1445
AACAGA,1445
CAAATT,1445
ATTTCG,1445
TATCTG,1446
CGAAGC,1446
ACCTTC,1447
GTGCAG,1449
AATTTG,1449
TGACGA,1449
TGCAGA,1450
GAACAA,1450
GAAGTG,1451
CTTCAG,1452
ATCAGT,1453
CGAAAG,1454
GTAACG,1458
CTTTCG,1459
GTTCGC,1461
TACCAG,1461
ACCAGG,1463
CAGGGC,1464
TTCCCG,1464
ACTGAA,1465
GGAAGC,1466
TAAAAT,1468
TGGCAC,1468
AATCTG,1469
GTTGCA,1469
TGTCGC,1470
CATCGA,1471
CATCTT,1472
ACAAAC,1472
GGTGTT,1472
TGTTTA,1473
GGTCAT,1474
GATCAA,1475
ATTTCT,1476
TTGAAA,1476
TCTTTC,1477
GCTTCG,1478
GAAATG,1479
GTGGTT,1480
CGAAAT,1480
ACGTTT,1480
ATTTTA,1481
GGATGA,1481
ACCAAA,1481
TTTGTC,1481
CTCTTC,1482
TTTGAA,1482
AACGTC,1484
CATTAT,1487
GACGTT,1488
AAGATG,1488
CACGCT,1488
TGCCAA,1489
GTAATG,1489
CACGCG,1489
GGTCTG,1490
ACACCA,1491
ATGCGG,1492
GCCTTC,1493
GGCGTC,1494
ATAATG,1494
GCCCTG,1495
TCATTA,1497
TGCAAC,1497
AGAAAT,1497
ACCACG,1497
AGCTGC,1498
TTGGTG,1498
AAGCGA,1501
CTCTTT,1501
GATCAG,1501
CATTAC,1501
TACCGT,1502
CAGCCC,1503
TCATTT,1503
CCCGCA,1503
CTTTAC,1503
AGGCGC,1504
GACAAA,1505
AAATGA,1505
CGCGAC,1506
TTATCT,1508
TTCAGT,1508
GACCAG,1509
GGCCAG,1509
AGCACC,1510
TTGTTC,1511
GGTTGC,1512
TCTTCG,1513
CTGATC,1514
CTGCTT,1514
GGCTTC,1515
TTGTTT,1516
AAACAA,1516
GCGCCT,1517
GTCGCG,1518
TAAAGA,1518
ATCGTT,1518
CCTGGT,1518
GGCACC,1519
GGATGC,1520
GCATCC,1520
GAAGAG,1521
GGCGGG,1521
CAGATC,1522
TGGTTA,1522
TAATGA,1523
CGCAGT,1524
CGGGAA,1524
TAATAA,1525
TGGTGT,1526
TAATTT,1526
ACTGCG,1527
GAAGCC,1527
CAGCTC,1527
TCGGTG,1527
GTGGCA,1528
GAATAA,1528
GTGCCA,1528
TCGCTT,1529
GACGAT,1531
TTAATC,1531
CCAGTA,1533
AACCGT,1534
ACGTTG,1535
CGGTTG,1535
TAAACA,1536
CGCGTC,1538
CGTGGC,1538
GACGGC,1538
CGTGGT,1538
CGTTTG,1539
TCGCCT,1540
CTTCAC,1541
AACTGA,1542
AACAAT,1543
GCGAAC,1544
AACACC,1544
TTTCTC,1545
TTATTC,1545
CAGACC,1545
TACTGG,1546
ACCTGA,1546
ATCGTC,1548
TGCCAC,1548
TCGTCA,1548
TCATCC,1548
AGCATC,1548
CAACCG,1549
TTTCAA,1549
ATGATT,1550
TTTGGT,1550
CCCGCC,1551
CGTTCA,1551
CATTTC,1552
AGCGTG,1552
ACGGTG,1553
CAGATA,1553
ATCGGT,1555
ATTCGC,1555
GGATTT,1555
CAACGT,1555
TGGTTG,1556
AGCGTC,1556
GTTAAA,1559
TCGATG,1560
CTGGTC,1562
ATGAAG,1562
GCGAAT,1565
GCCGAA,1568
AAGCAG,1568
CTGTTG,1568
CACTTC,1569
AATGGT,1569
CAATTT,1572
TCTGCT,1573
CCGGGC,1573
GCACGC,1574
ACCGAT,1574
CAAACG,1574
TTGTCG,1574
ATCATT,1575
AGGCGA,1575
AACCAC,1575
AAGCCA,1576
CGGAAG,1577
AATGAT,1578
CAGAAC,1579
AATTAA,1579
CGGCTT,1580
GGTGCC,1581
CAACGG,1582
CACCGA,1582
CAGTAA,1582
GCCACG,1583
CCAGGT,1584
ACCATT,1585
GCAGCT,1586
TATCAG,1586
CAACAT,1586
TTATTA,1586
CTGGGC,1587
TGCGTT,1587
CCGCAT,1587
TTTAAC,1588
GCGTGC,1588
CATCCA,1588
CAGATG,1588
CGTCAT,1589
ACGCGG,1589
ACCTGG,1589
GCCCGG,1591
GACGCT,1591
CGACAA,1592
ATTGTT,1592
ATGACG,1593
TCAGTT,1593
TGTTTG,1594
GTGAAG,1594
CCGTCA,1594
CTTCAA,1594
AAGAAG,1594
ACTGGT,1595
TGATAT,1596
AATAAC,1596
GTTAAC,1597
TAAAGC,1597
ATGTTG,1598
CGATCA,1598
GGTGCG,1599
CGCAAC,1600
CACCGT,1600
TGACGG,1600
CGTAAA,1601
GATTAA,1601
TGGATG,1601
GAAAGA,1601
CGGATG,1601
CATTGA,1601
GAAACG,1602
TATCGA,1602
TTAACC,1605
TGATCA,1607
GAGAAA,1607
TCCGGT,1607
TGAACG,1607
CAAACA,1609
GACGCC,1609
CCGTTG,1610
TCAATA,1610
CAACAG,1611
AAATGG,1611
GCAACC,1611
CTTCCG,1612
TCTTTA,1612
AAAAGA,1612
CACTTT,1613
AAATCC,1613
TCAATG,1617
GTTATT,1617
CCGCGA,1617
CGCCTT,1618
AATCAT,1619
CAATGG,1619
CAGATT,1620
TGGCTT,1622
GTTGCG,1624
TGATCG,1624
TCGCGG,1624
AAAACT,1624
GCGTTC,1626
AATGAA,1626
TTAATT,1627
CAGTGC,1627
AAGCCG,1627
TTTACG,1629
GGGCAA,1629
CACCTG,1630
GGCTGC,1630
TTGAAG,1630
ATTTCC,1631
ATTGGC,1631
GTTCTG,1631
TCAAAA,1631
GATGCT,1631
CTTCTT,1632
GGCGGA,1632
CGTGAA,1633
GTTGGC,1634
AAATTC,1634
GCTTTA,1635
CAGAAT,1635
TATCAA,1636
TGAACA,1636
GCAGCC,1637
TCAGGT,1638
AAAGGC,1638
AGCAGA,1638
TGAAAC,1639
ATTCTG,1639
ACCGGA,1640
CAACTG,1641
GCATTA,1641
GGAAAT,1641
TATTGA,1642
ATTGAA,1646
GCCAAC,1647
AGATAA,1647
AATCAA,1648
AGTTTT,1648
CCATTG,1649
TTACTG,1650
ATATCA,1650
TCTGGA,1652
ATAACC,1652
AACAGG,1653
AAATTG,1654
CATCTG,1654
GAACGC,1654
AACGCA,1654
CAAAGC,1655
TGTTCA,1655
ACCAGT,1655
GGGCGA,1656
AAATTA,1656
GGATAA,1656
GGCGTA,1656
TACGCC,1657
TTCAAC,1658
TGCGGT,1659
TTCAAT,1660
GGTTAT,1661
AGCCGC,1662
GTCATC,1663
GTTGAA,1664
GCGGGT,1664
GTGCGC,1665
AAAGTG,1665
TCTGCG,1666
TCCGCC,1666
ATCTTT,1667
GCCTTT,1668
TCCAGA,1668
CTGATA,1669
AATTGC,1670
GCATTG,1671
ATTAAC,1671
CTGCAT,1671
GTGATT,1672
TCTTTT,1672
TAATCA,1672
TCTTCC,1673
ATTGCT,1674
GTTTTA,1674
ACTGGA,1676
TTCATT,1676
GGTTAA,1677
TTGATA,1677
ACCGCA,1677
TCCAGT,1678
GTTTCA,1679
TTTAAA,1679
AGCGGT,1679
AGCCTG,1679
AAAGCA,1679
AATCAC,1681
CAGGTG,1682
TTCGGC,1682
TAAAAC,1682
TCAGGA,1683
GATGAC,1684
AAATTT,1684
CGTTTC,1684
CATAAA,1684
CCGATG,1686
TTGCCC,1687
TTTATG,1687
AGCAAT,1688
GCCCAG,1688
TTCACG,1688
TGGTCG,1689
GCGGCT,1689
TTGATT,1689
GTCAGG,1690
ACCCGC,1691
CAATGC,1691
CCAGTG,1691
TGCAAA,1692
ATTACC,1693
TCCTGA,1693
GCACTG,1693
GCAATT,1693
GGCGAC,1693
CGCACC,1694
AAGCTG,1694
TATTCA,1694
TGAATA,1695
AATGCG,1696
CGCAAT,1697
CGGGCA,1697
CAACCA,1698
GCTTCA,1699
TTTGCA,1699
CGACCA,1700
CCTGAC,1701
GTTAAT,1702
AAAGAT,1702
CTTCAT,1702
GCAATC,1702
TAATGC,1703
TGAAGC,1703
CGGTAT,1703
CATCGG,1704
AACGTT,1705
CCGTTT,1706
TCGATA,1708
CAGGCT,1710
CTGAAC,1710
CGACGC,1712
ATCGAC,1712
TTTGGC,1716
GCCAAT,1716
GATGTT,1717
CATCCG,1717
TTATCC,1717
GTTGTT,1719
GCGACG,1719
GATTAT,1719
AAGGCG,1722
CCCGGC,1723
TTAAAA,1727
ACCGCG,1730
GGCCTG,1731
TCGCCC,1732
GGCAGG,1732
CCTGCC,1732
CAGTTG,1737
ATAATC,1737
AACAAC,1738
AGCGAA,1739
CAGCTT,1741
AACCGG,1743
AATACC,1743
CGCATT,1743
GCTTTG,1744
GGTATT,1744
GAAACC,1745
TTTTGA,1746
TGCTTT,1750
CCTGTT,1750
CGCGGT,1750
AACGGT,1751
AAGCGG,1751
CAGCCG,1751
AGCAAC,1751
AACATC,1751
AATTTC,1753
GCCAAA,1754
AAATGC,1754
GAATTT,1754
TGCCCG,1755
GCCGGG,1755
CGGTGG,1761
CCGGTA,1763
GTTGCT,1764
TTCGCG,1764
CCGCAA,1765
CGTCTG,1768
GCGTCG,1771
CCATTT,1772
GGTTTC,1772
TTCGCT,1772
AAACGG,1774
CGTCGC,1775
CAGCTG,1776
CTTCCA,1777
CACTGG,1777
ATATTT,1778
TGATTA,1779
GCGAAG,1779
TTTTAA,1780
ATACCG,1780
CAGGAT,1781
ACAAAA,1781
ATCCTG,1785
ACATCA,1786
GAACAG,1787
GGAAGA,1787
ATATTG,1788
CGCAGA,1789
TGTTGA,1790
GAATAT,1791
ATATTC,1794
CCGGTT,1794
CAGGCC,1795
TGATGT,1795
GGTAAT,1795
TTGCGG,1797
GCGCAC,1797
CGCGAA,1797
GTTTAT,1798
GAAATT,1798
GTCGCC,1800
CTTTGC,1801
ATTAAA,1803
TTTCCG,1803
GCGGGC,1804
CTGTTC,1804
CTGCGT,1804
CGGAAA,1805
ATAAAT,1807
TGGTCA,1809
TCAACG,1810
CAATAT,1811
ATGCAG,1814
AAATAT,1814
ACCGGT,1816
TGGGCG,1819
CGGGCG,1820
GATTGC,1820
AACTGC,1820
GTCGAT,1821
CGTTGA,1822
TTTTGT,1823
GCCCGC,1823
CGGTCA,1824
CGTTAT,1825
CAGACG,1830
ACCGCT,1830
GCAAAG,1831
TCAGCC,1835
AAGCGC,1836
GGTGGC,1838
CGCCCA,1839
GTTCAG,1843
GGCTGA,1844
CGGCAC,1844
GCAGGA,1844
ATCTTC,1846
CGCCCG,1846
TCTGCC,1847
GCTGCA,1849
GATTTC,1853
GATAAT,1853
ATAAAC,1854
TACCGG,1854
TCCTGC,1855
CTTCGC,1855
ACCGTT,1856
ATTGCG,1856
CCACCG,1857
ATTTAT,1859
CCGCTT,1859
TATTGC,1860
CTTTAT,1861
TTAATG,1861
CATTAA,1862
ATTAAT,1862
ATGCCA,1863
ATAACG,1864
TTCTTT,1865
CAATAA,1865
CTGAAT,1866
TTTAAT,1868
GCAGTT,1868
CGATAT,1870
GCCACC,1871
GCGTGA,1875
ATCAAT,1876
TGACCG,1877
ATAAAG,1878
CGATGG,1879
GCGCTT,1882
ATTATC,1882
TCAACA,1883
CCGGAT,1884
TGGCAT,1885
GTGCCG,1888
CCTGCA,1888
TGACCA,1889
TCTTCA,1891
ATCCGG,1891
GCCGGT,1892
TTATTG,1893
GATGGT,1893
GCAAAT,1894
GCTGGG,1897
AAGAAA,1897
TTTCTT,1898
AACAAA,1898
AAATCG,1898
TGGAAG,1899
ATGGCA,1901
GCAATA,1901
GCATTT,1902
CAAAAC,1903
AGCTGG,1904
ACCGGC,1907
GCGTGG,1907
GAAGAT,1907
CGCGTT,1907
GTAAAA,1911
TTTTCG,1912
GGCAGA,1913
GCATCG,1914
TGATTG,1915
GCAATG,1915
AAAGAA,1916
CGTTAA,1916
ACCTGC,1918
CGGCTG,1919
TGCAGG,1919
ACCATC,1920
GATAAC,1921
TGAAGA,1922
CGATTT,1922
AGCGAT,1922
CGAAAA,1926
ACAGCG,1926
TTCCGC,1927
GTTATC,1927
ATTGAT,1929
TTAACG,1930
GCGATC,1930
GATCGC,1931
ATCGCT,1932
TGCAGC,1934
TGCCAT,1935
GCGTAA,1936
ACGCAG,1937
TGAAAG,1937
AGCGTT,1938
CCACGC,1939
TGCTGT,1940
GCAGGT,1941
GCAACA,1947
CGCTGT,1949
ACAGCA,1950
GCGTTG,1951
GCGGTT,1952
GCGTCA,1952
CCTGCT,1954
GGTCAG,1954
ATATCG,1958
GATGCC,1958
CGATGC,1958
TTTGTT,1959
TTGTTG,1959
ATCTGC,1963
GAAATC,1963
CCATCG,1969
CAACAA,1972
CGCTTC,1972
GCGGAA,1973
CTTTCA,1973
GGCATC,1974
ATCAAA,1975
GCGTTA,1977
AAATAA,1977
AACGCT,1978
CAATCA,1979
TGGAAA,1980
ATGGTG,1980
AACCTG,1981
GTTTTG,1984
GGTGGT,1984
GCGGAT,1985
CCGGTG,1985
ACCAGA,1986
TTTTAC,1987
CACCAT,1988
CCCAGC,1988
ACCACC,1989
AACCGC,1991
GCAGAT,1991
CGGTGC,1991
ATTTCA,1992
TCACGC,1992
AATTTT,1996
GCAACG,1997
TGTTGC,1997
CGTTGC,1998
AAAACA,1999
GAAAGC,2000
ATTCAG,2001
CCAGCT,2004
TTATTT,2007
TGATAA,2008
ATCCGC,2009
TCTGGT,2010
GAAGCG,2011
TTTCCA,2011
CACCGG,2014
ATCTGG,2015
CACGCC,2015
CAGGTT,2019
TTACGC,2022
TGAAAT,2023
TTTGAT,2026
GGCAAC,2028
TTATCA,2030
TGCCGT,2033
CCGCAG,2036
CATTGC,2037
ACGGCA,2041
GGCGTG,2041
GATATC,2041
AAAATT,2042
GCCGCG,2043
ATTTGC,2043
CTGCGG,2047
AATAAT,2047
AGCAGG,2049
GCTTTC,2049
TGACGC,2052
AATATT,2052
GCGATT,2053
TGTTTT,2059
GGCTTT,2060
TCGGCG,2064
AAAGCC,2065
TAACGC,2066
GATATT,2066
TACCGC,2066
CTGACC,2066
CGCCGA,2069
GCACCG,2070
GTTGCC,2072
AATCGC,2074
TTTCAT,2077
CTGCAA,2081
ATTTTG,2081
ATTATT,2084
AACGCG,2089
GTCTGG,2090
ATGAAA,2091
CGTCAG,2092
CCTGAA,2093
TTCAGG,2093
GCTGCT,2095
GTTTGC,2101
AATATC,2101
GTGAAA,2102
AAAAGC,2105
CCAGAT,2105
CGCGCT,2105
CGATGA,2106
ATCGCG,2106
CGCAGG,2115
GCGGTA,2119
GAACTG,2122
TGCGCA,2122
CAGGCA,2124
CCGGCG,2124
CGCGAT,2124
GTGATG,2125
TGCGCT,2125
TCATCG,2125
TATTTT,2126
TTCCTG,2129
CGCGCG,2129
TTTTCT,2132
CATCAC,2134
GCCGTT,2135
GCACCA,2137
GCGCAT,2138
CCTGCG,2142
CGCGGC,2144
CGCAAA,2144
AGCAAA,2146
TTTGCT,2146
CCAGGC,2148
CAACGC,2148
AGCGCG,2156
GAAGAA,2158
GAAAAC,2158
TATCGC,2161
GCTTTT,2163
TTGCAG,2164
AGAAAA,2164
ATGCGC,2164
CAAAAT,2166
CCAGAC,2166
AAAATA,2166
GCCGAT,2167
CGCCGG,2167
TCGCGC,2167
TGCCTG,2169
GCGATA,2175
TTCTGC,2177
ACGCGC,2177
CATCAT,2178
GCGCGA,2180
GCAAAC,2182
CACCAC,2184
GCGCGT,2185
TGGTGC,2185
GTGGTG,2186
TTTCAC,2187
TGCGGC,2187
AGCGCA,2191
CCAGAA,2200
CAGGAA,2200
CTGACG,2203
AAACCA,2206
TTCTTC,2206
GCTGAC,2207
TTTGCG,2208
GATGCG,2213
TGGTTT,2213
ATCAGG,2216
GTCAGC,2217
GATGGC,2219
ATGATG,2222
AACGGC,2224
CGCATC,2225
ATCGGC,2226
AATGGC,2228
GTTTTC,2228
AATGCC,2232
GCCTGG,2237
CGCCGT,2238
CTGGTT,2240
CCTGGC,2245
TTCTGG,2245
TTGGCG,2246
GCCGCA,2247
AATCAG,2251
GGCATT,2251
TGCGCG,2256
GCCAGG,2262
TTTCTG,2262
CCGGAA,2263
AGCAGC,2265
TGATGG,2270
TTCACC,2276
CTGATT,2278
ATAAAA,2278
AACCAG,2279
GGAAAA,2282
CTGGAT,2283
CCTGAT,2290
CAGTTT,2291
AGCGGC,2293
AAAATG,2297
CGCGCA,2297
TTATCG,2297
GCAGAA,2303
TTTTAT,2303
GCCGCT,2306
AAACTG,2307
GCTGCC,2308
TCAGGC,2308
AAACAG,2309
CAGTTC,2310
GGTAAA,2313
CAGCGA,2315
CGATAA,2317
TTTTCC,2317
TTCCGG,2319
GTTGAT,2321
TGCCGA,2321
ATTTTC,2322
CGCCAA,2323
ACGGCG,2325
CGGTTT,2330
CAGAAA,2340
CTGTTT,2345
AAACCG,2348
GCGCCG,2348
CGGTGA,2349
GGTGAA,2349
CATTTT,2353
TGATTT,2354
GCCTGA,2358
AACAGC,2364
GCGGTG,2364
TCGGCA,2365
ATCAAC,2366
GAAAAT,2366
AATAAA,2375
GCTGTT,2380
AAATCA,2382
CCATCA,2383
GGCAGC,2383
CGGCAT,2384
GGTTTT,2390
GCATCA,2391
ATGCCG,2391
AAAACC,2396
GCGCAA,2397
GTGGCG,2399
GCCATC,2404
TCACCA,2406
CAGCAT,2412
TGGTGG,2414
GCCATT,2414
TTTATT,2422
GATGAT,2422
CTGCCA,2427
TCGCTG,2433
TCACCG,2436
TTTACC,2437
TGGCAG,2438
CGGCGC,2441
TAAAAA,2442
TGATGC,2442
ATCCAG,2445
CATCAA,2447
ATGCTG,2450
TTGATG,2450
GTGCTG,2462
TTCATC,2473
GATGAA,2473
TGGTGA,2476
GCGCGC,2479
TTTCGC,2482
AAAACG,2486
AAAAAG,2487
TTTTTA,2497
GCGAAA,2498
ATCATC,2501
CAAAAA,2504
CCACCA,2509
CACCGC,2512
CCGCGC,2513
GCGCGG,2514
TTGCGC,2515
CGGTAA,2519
AAAGCG,2520
GATTTT,2521
TTACCG,2531
GGTGAT,2535
AAAATC,2535
GGCGGT,2541
CGTTTT,2543
CCGGCA,2548
CGGCGA,2549
CGGCGT,2556
TCGCCG,2557
GCTGCG,2557
CTGATG,2558
GGCAAT,2562
TTTTTG,2568
TTTATC,2570
CTTTTT,2575
CGCCAC,2584
ATTGCC,2585
GCCTGC,2588
CAGCAC,2588
ACGCCG,2589
GATAAA,2594
CGCAGC,2598
GCAGGC,2601
CTGGCT,2601
CATCAG,2604
AGCCAG,2607
TGCCGG,2607
ACCGCC,2626
GCCGGA,2629
TTGCCA,2629
CTGAAA,2632
TCCGGC,2641
TTTCAG,2649
CTGCCG,2654
TGGCAA,2655
ATCACC,2661
AACTGG,2673
CGCTTT,2680
CCAGCC,2686
CATCGC,2690
CCGCCG,2699
TGAAAA,2702
CGGCGG,2704
TGGCGT,2713
GCGTTT,2714
GCGATG,2720
AAACGC,2738
GGCTGG,2743
ACGCCA,2747
CGCTGC,2749
GGCGCA,2752
GTTTTT,2754
AAAAAC,2762
GGCGAA,2769
CGGCAG,2776
TTCGCC,2778
CCAGTT,2785
GGCGCT,2789
CGCTGA,2795
TCATCA,2803
CGCGCC,2805
GCTGAA,2809
TGCGCC,2815
GGCGCG,2817
TTTTCA,2818
TCAGCG,2820
GCAGCG,2822
GGCGTT,2836
TGGCTG,2842
TGATGA,2848
AGCGCC,2856
ATGGCG,2865
CAGGCG,2868
CAGCCA,2873
CAGCGG,2876
AACGCC,2885
TGCTGA,2886
TCTGGC,2890
GCCAGA,2912
ATCAGC,2920
CCGCTG,2926
TGCTGC,2932
CTGGTG,2937
CACCAG,2944
TTCAGC,2971
CTGCGC,2974
GCCAGT,2982
GCTGAT,2987
TCAGCA,2993
ACGCTG,2997
CGCCTG,3011
ACTGGC,3018
TTCCAG,3029
GCGCAG,3030
CAGCGT,3032
AAAAAT,3040
GCTGGT,3042
CGCCAT,3048
CTGGAA,3072
GCCGCC,3076
ACCAGC,3089
GGCAAA,3107
TTTGCC,3107
ATTTTT,3112
GGCGGC,3115
GCAGCA,3135
GCAAAA,3182
AAAAAA,3190
TGGCGC,3196
TTTTTT,3214
TTTTGC,3215
TTGCTG,3241
GCTGGA,3255
TGCCGC,3280
CGGCAA,3283
TTGCCG,3308
GCGGCA,3333
GAAAAA,3343
TTTTTC,3376
GCGCCA,3382
CTGCTG,3417
GGCGAT,3420
TGGCGA,3431
TGGCGG,3437
CAGCAA,3449
TGCCAG,3475
TCCAGC,3478
CCGCCA,3531
ATCGCC,3555
CTGGCA,3613
GCGCTG,3637
TCGCCA,3692
CAGCAG,3715
CGCCGC,3719
GCGGCG,3737
TGCTGG,3812
CAGCGC,3956
CCAGCA,4086
CGCTGG,4500
CCAGCG,4611
GCTGGC,4765
GCCAGC,4832
CTGGCG,5267
CGCCAG,5397
